--
-- PostgreSQL database dump
--

-- Dumped from database version 17.5
-- Dumped by pg_dump version 17.5

-- Started on 2025-12-10 21:23:09

SET statement_timeout = 0;
SET lock_timeout = 0;
SET idle_in_transaction_session_timeout = 0;
SET transaction_timeout = 0;
SET client_encoding = 'UTF8';
SET standard_conforming_strings = on;
SELECT pg_catalog.set_config('search_path', '', false);
SET check_function_bodies = false;
SET xmloption = content;
SET client_min_messages = warning;
SET row_security = off;

SET default_tablespace = '';

SET default_table_access_method = heap;

--
-- TOC entry 220 (class 1259 OID 17095)
-- Name: item; Type: TABLE; Schema: public; Owner: postgres
--

CREATE TABLE public.item (
    id bigint NOT NULL,
    nome character varying(255),
    descricao character varying(255),
    status character varying(255),
    foto_item character varying(255),
    data_criacao timestamp without time zone DEFAULT CURRENT_TIMESTAMP,
    data_atualizacao timestamp without time zone DEFAULT CURRENT_TIMESTAMP,
    usuario_id bigint,
    foto_item_content_type character varying(255)
);


ALTER TABLE public.item OWNER TO postgres;

--
-- TOC entry 219 (class 1259 OID 17094)
-- Name: item_id_seq; Type: SEQUENCE; Schema: public; Owner: postgres
--

CREATE SEQUENCE public.item_id_seq
    AS integer
    START WITH 1
    INCREMENT BY 1
    NO MINVALUE
    NO MAXVALUE
    CACHE 1;


ALTER SEQUENCE public.item_id_seq OWNER TO postgres;

--
-- TOC entry 4927 (class 0 OID 0)
-- Dependencies: 219
-- Name: item_id_seq; Type: SEQUENCE OWNED BY; Schema: public; Owner: postgres
--

ALTER SEQUENCE public.item_id_seq OWNED BY public.item.id;


--
-- TOC entry 222 (class 1259 OID 25972)
-- Name: item_requests; Type: TABLE; Schema: public; Owner: postgres
--

CREATE TABLE public.item_requests (
    id bigint NOT NULL,
    created_at timestamp(6) with time zone,
    item_id bigint,
    message text,
    requester_id bigint,
    status character varying(255),
    updated_at timestamp(6) with time zone,
    CONSTRAINT item_requests_status_check CHECK (((status)::text = ANY ((ARRAY['PENDENTE'::character varying, 'ACEITA'::character varying, 'RECUSADA'::character varying])::text[])))
);


ALTER TABLE public.item_requests OWNER TO postgres;

--
-- TOC entry 221 (class 1259 OID 25971)
-- Name: item_requests_id_seq; Type: SEQUENCE; Schema: public; Owner: postgres
--

ALTER TABLE public.item_requests ALTER COLUMN id ADD GENERATED BY DEFAULT AS IDENTITY (
    SEQUENCE NAME public.item_requests_id_seq
    START WITH 1
    INCREMENT BY 1
    NO MINVALUE
    NO MAXVALUE
    CACHE 1
);


--
-- TOC entry 218 (class 1259 OID 17082)
-- Name: usuario; Type: TABLE; Schema: public; Owner: postgres
--

CREATE TABLE public.usuario (
    id bigint NOT NULL,
    nome character varying(255),
    email character varying(255) NOT NULL,
    senha_hash character varying(255) NOT NULL,
    papel integer NOT NULL,
    foto_perfil text,
    data_criacao timestamp without time zone DEFAULT CURRENT_TIMESTAMP,
    data_atualizacao timestamp without time zone DEFAULT CURRENT_TIMESTAMP,
    foto_perfil_content_type character varying(255)
);


ALTER TABLE public.usuario OWNER TO postgres;

--
-- TOC entry 217 (class 1259 OID 17081)
-- Name: usuario_id_seq; Type: SEQUENCE; Schema: public; Owner: postgres
--

CREATE SEQUENCE public.usuario_id_seq
    AS integer
    START WITH 1
    INCREMENT BY 1
    NO MINVALUE
    NO MAXVALUE
    CACHE 1;


ALTER SEQUENCE public.usuario_id_seq OWNER TO postgres;

--
-- TOC entry 4928 (class 0 OID 0)
-- Dependencies: 217
-- Name: usuario_id_seq; Type: SEQUENCE OWNED BY; Schema: public; Owner: postgres
--

ALTER SEQUENCE public.usuario_id_seq OWNED BY public.usuario.id;


--
-- TOC entry 4756 (class 2604 OID 17209)
-- Name: item id; Type: DEFAULT; Schema: public; Owner: postgres
--

ALTER TABLE ONLY public.item ALTER COLUMN id SET DEFAULT nextval('public.item_id_seq'::regclass);


--
-- TOC entry 4753 (class 2604 OID 17229)
-- Name: usuario id; Type: DEFAULT; Schema: public; Owner: postgres
--

ALTER TABLE ONLY public.usuario ALTER COLUMN id SET DEFAULT nextval('public.usuario_id_seq'::regclass);


--
-- TOC entry 4919 (class 0 OID 17095)
-- Dependencies: 220
-- Data for Name: item; Type: TABLE DATA; Schema: public; Owner: postgres
--

COPY public.item (id, nome, descricao, status, foto_item, data_criacao, data_atualizacao, usuario_id, foto_item_content_type) FROM stdin;
38	celular	Celular Samsung Galaxy	INDISPONIVEL	http://localhost:8080/uploads/625cd95c-3876-4657-9b45-33a9ab83cab0.jpg	2025-11-27 01:09:46.61046	2025-11-27 01:25:56.451278	25	image/jpeg
40	Camisa	camiseta bonita	INDISPONIVEL	http://localhost:8080/uploads/cb433218-7496-46ca-b23b-e2df5d872cf1.jpeg	2025-11-27 09:06:55.709451	2025-11-27 09:10:59.624177	19	image/jpeg
36	All Star	Tenis All Star novo nunca usado, trocando pois não serviu em mim	INDISPONIVEL	http://localhost:8080/uploads/173d74a7-5a29-4389-842c-c4cdb7e8261d.jpg	2025-11-27 01:07:00.814303	2025-12-09 12:45:11.265276	25	image/jpeg
41	Calca Jeans	Calca jeans pouco usada	INDISPONIVEL	http://localhost:8080/uploads/f9b2e514-f8b6-4d3b-86f2-05aa1ba1fa6b.jpeg	2025-12-07 23:28:16.68753	2025-12-09 20:45:11.413594	19	image/jpeg
37	armario	armário semi novo	INDISPONIVEL	http://localhost:8080/uploads/347fb7d8-bfce-4943-a3dc-cd3916e3e4b7.jpg	2025-11-27 01:07:43.570994	2025-12-09 21:59:31.5814	25	image/jpeg
39	Jaqueta	Jaqueta de couro pouco usada	INDISPONIVEL	http://localhost:8080/uploads/d6327489-e3c0-4117-824a-b1179de9a41c.jpeg	2025-11-27 01:12:25.00045	2025-12-10 01:05:24.217857	26	image/jpeg
42	Funko pop venon	Funko pop semi novo vilão venon homem aranha\r\n\r\ntamanho: 20x12	DISPONIVEL	http://localhost:8080/uploads/eadf3fd7-f447-4782-b858-1b09421cdbca.webp	2025-12-09 22:16:23.088092	2025-12-10 02:19:09.45949	25	image/webp
33	Cadeira Gamer	Cadeira Gamer rosa pouco usada	DISPONIVEL	http://localhost:8080/uploads/24724521-8c4a-404e-831d-e12e0df371ad.jpg	2025-11-27 01:03:00.85537	2025-11-27 01:03:00.856709	19	image/jpeg
34	Mouse	Mouse em formato de ratinho	DISPONIVEL	http://localhost:8080/uploads/37b6b15d-a006-4093-94da-6a3209d4655b.jpg	2025-11-27 01:04:32.462014	2025-11-27 01:04:32.462014	19	image/jpeg
35	Bola	bola de basquete novinha	DISPONIVEL	http://localhost:8080/uploads/e3f73c9e-ac2b-48f5-9024-ba6f7f254b38.jpg	2025-11-27 01:05:39.240989	2025-11-27 01:05:39.240989	19	image/jpeg
\.


--
-- TOC entry 4921 (class 0 OID 25972)
-- Dependencies: 222
-- Data for Name: item_requests; Type: TABLE DATA; Schema: public; Owner: postgres
--

COPY public.item_requests (id, created_at, item_id, message, requester_id, status, updated_at) FROM stdin;
18	2025-11-27 01:24:43.349135-03	38	Troco por um Iphone	19	ACEITA	2025-11-27 01:25:56.450177-03
16	2025-11-27 01:12:59.679432-03	38	Tenho interesse! Contato (49)999999999	26	RECUSADA	2025-11-27 01:25:56.464527-03
20	2025-11-27 09:08:24.038895-03	40	Troco por uma camiseta mais bonita	26	ACEITA	2025-11-27 09:09:00.227133-03
19	2025-11-27 09:07:40.720689-03	40	Oiiii quero (49)999999999	25	RECUSADA	2025-11-27 09:09:00.273321-03
21	2025-12-09 20:42:51.579722-03	41	oiii eu quero, troco por uma jaqueta que tenho aqui em casa, chama no zap 99999999999	29	ACEITA	2025-12-09 20:45:11.413594-03
22	2025-12-09 20:44:23.864041-03	41	oiiii quero muito bora trocar	25	RECUSADA	2025-12-09 20:45:11.446913-03
24	2025-12-09 21:59:02.083703-03	37	aaaaaaaaaaaa	19	ACEITA	2025-12-09 21:59:31.5814-03
23	2025-12-09 21:58:45.397924-03	37	oiiiii	29	RECUSADA	2025-12-09 21:59:31.598489-03
17	2025-11-27 01:23:32.455511-03	39	Troco esta jaqueta por uma jaqueta jeans	19	ACEITA	2025-12-10 01:05:24.215858-03
25	2025-12-10 02:01:53.258523-03	33	teste	25	PENDENTE	2025-12-10 02:01:53.258523-03
\.


--
-- TOC entry 4917 (class 0 OID 17082)
-- Dependencies: 218
-- Data for Name: usuario; Type: TABLE DATA; Schema: public; Owner: postgres
--

COPY public.usuario (id, nome, email, senha_hash, papel, foto_perfil, data_criacao, data_atualizacao, foto_perfil_content_type) FROM stdin;
3	Ana Souza	ana@email.com	hash_senha3	1	\N	2025-09-04 11:17:04.465764	2025-09-04 11:17:04.465764	\N
4	João Pereira	joao@email.com	hash_senha4	3	perfil4.png	2025-09-04 11:17:04.465764	2025-09-04 11:17:04.465764	\N
5	Maria Silva	maria.silva@email.com	$2a$10$LwU1x1nBMq9lVyn4BQvGP.JjK3XgO2wcrt178RYTywd6GfyznaRuS	0	maria.png	2025-09-18 09:17:13.990916	2025-09-18 09:17:13.990916	\N
6	Aluno exemplo	alunoa@email.com	$2a$10$hT61skuMFbsDSi5NjKPMLeX/tqDdJKvCID6tBM/neqtebue4MWi..	0	aluno.png	2025-09-18 09:21:46.037151	2025-09-18 09:21:46.037151	\N
7	Aluno exemplo 2	aluno2@email.com	$2a$10$2jH/.60yunaq2W.8CwZqE.Xh7UOWuGPdEyP9KtYMNiPRN/DFNQncm	0	aluno2.png	2025-09-18 09:27:33.3233	2025-09-18 09:27:33.3233	\N
9	Cesar Machado Alencar	cesinha@email.com	$2a$10$yfcAd6Mxp9Gd1G.Ly6t4re2aNMwqe3ejb1D2Zgo8FYyXOUT0zTYKy	0	cesinha.png	2025-09-18 10:57:00.095718	2025-09-18 10:57:00.095718	\N
11	Teste Exception	exception@email.com	$2a$10$f14DtHR..zSLIy6DBreYqeQ3JvLE3aFWM4DumHFJDZRdgYAbxA4hC	0	excecao.png	2025-10-01 11:10:59.679052	2025-10-01 11:10:59.679052	\N
12	Maria Silva	maria@email.com	$2a$10$cao3twwKSf5CHJw5OX6MyOjZG.mrFSWmI4xpEJA22pBFSguK.NEUK	0	https://example.com/foto.jpg	2025-10-01 11:40:12.288986	2025-10-01 11:49:11.150351	\N
14	Maria Silva	mariaaaa@email.com	$2a$10$fGhL8Ix8Kuk88VRgolakkeYH0S3uJZkJwTNx7LJwtV51KPQb3idWu	0	https://example.com/foto.jpg	2025-10-01 20:52:16.855895	2025-10-01 20:52:16.855895	\N
16	Teste front	vitoria@gmail.com	$2a$10$ZXvEZ3mLGq6MOxYH8RWDEe5ZFyxRWJYgQ2bR382oLXnoc4BIkFZji	0	vitoria.jpg	2025-11-20 17:29:50.978944	2025-11-20 17:29:50.978944	\N
17	Teste user com imagem	vdgrf.54321@gmail.com	$2a$10$zDrLzEU6ZdxNhE40Q.sU5ebBvVdi.iZc3uLmlI/T6BUEp6BqbE7PO	0	\N	2025-11-20 18:52:25.790775	2025-11-20 18:52:25.790775	\N
20	teste imagem	imagem@imagem.com	$2a$10$whCWOHky8JBQerWba/o6ZO2p25bkFNPqdbN0UjAgzc8PylGNGG4sK	0	http://localhost:8080/uploads/4fd1ab21-259c-4b7a-90c4-5e2c69ce35a2.jpg	2025-11-23 18:27:41.339498	2025-11-23 18:27:41.339498	image/jpeg
21	teste imagem	imagem2@imagem.com	$2a$10$JTia2UnT0txRruytnW3NPu5BMjnu1cM3/W.j7ieRlxjFUBo.qCLLW	0	http://localhost:8080/uploads/c54c6bc8-e649-4b2c-922c-fa4808ba8aad.jpg	2025-11-23 18:28:16.406674	2025-11-23 18:28:16.406674	image/jpeg
22	teste sem imagem	semimagem@semimagem.com	$2a$10$4WIKeO1PtWEszq.9WcDv/OXcTyJ4dgoWOD8kcO1igPlD6b1ih/gue	0	\N	2025-11-23 18:56:35.92055	2025-11-23 18:56:35.92055	\N
27	d	d@d.com	$2a$10$sTBCVMPDPwAK98OyaWOJ7u1gf.rQy3kAakx0tWsg874lZUP2TK2ni	0	http://localhost:8080/uploads/1d1f0130-c099-4199-baba-0a45ea856afe.jpg	2025-11-26 22:56:36.521991	2025-11-26 22:56:36.521991	image/jpeg
28	euuuuu	eu@gmail.com	$2a$10$3aryE2Mj6bepCipVCUEmh.48S1uSnYkJbhrvC4I3Ism422r8ZSAU.	0	http://localhost:8080/uploads/0a4c77a8-1ddd-4ca2-aa94-b64d3d92d985.jpg	2025-11-26 23:11:42.922554	2025-11-26 23:11:42.92507	image/jpeg
23	teste render	msgsucesso@gmail.com	$2a$10$3E3sIV75DjV/cYkkswsSeOBQwwAb1xbDCpWyguU2iQLHTNqQZ98GW	0	http://localhost:8080/uploads/17addb9e-8652-462d-aa3f-d641531b5164.jpg	2025-11-23 18:59:42.706211	2025-11-24 01:41:04.937722	image/jpeg
24	cade meus usuarios	cade@cade.com	$2a$10$4lY8nGDB9j6OsbA4K6nEiukoAQVZA4yEbvx6mi.rfaGy9dpdmi2S.	0	\N	2025-11-24 22:11:29.781451	2025-11-24 22:11:29.783968	\N
1	Vitória Ribeiro	vitoria@teste.com	$2a$10$3IMEn9NWoSlfLRkjK5KG5OIL.259OfazO70tsRx5is7Bldbvu5zCa	1	http://localhost:8080/uploads/d554fbbc-ead9-403c-9434-a2a1983fd151.jpg	2025-09-04 11:17:04.465764	2025-11-24 22:18:06.36542	image/jpeg
15	Carol	carol@email.com	$2a$10$QE7lOYK..c.h3QWdykEqQuC6MZ4xYg2Pg6EfQ2idBJwICZhFTEeAG	0	http://localhost:8080/uploads/12323b9a-45c2-408a-80ca-c5e1239d74ff.jpg	2025-10-02 08:23:33.699184	2025-11-24 22:50:31.052905	image/jpeg
18	Teste envio imagem	email@email.com	$2a$10$k5gMv7OMbisXOwV1APdsIuAnAq1Cz9NS6wWfkcXB2ycVoWsGDQm/O	0	http://localhost:8080/uploads/b71d5787-6d87-4ca9-871d-ca6daaaf8dde.png	2025-11-23 18:23:30.645736	2025-11-25 00:14:59.499965	image/png
26	c	c@c.com	$2a$10$3AbwCLV0Xx1K9hpoJsvO4Oqme0tZYk0bNmprWIbcSNRr5j51l/s92	0	http://localhost:8080/uploads/9bfa8924-2d39-465b-8bf0-46d1f163c0db.jpg	2025-11-26 18:43:44.234901	2025-11-27 01:14:02.700328	image/jpeg
25	b	b@b.com	$2a$10$p.9gOUR0p1vq1gSiL.MBSej1HWQ17fRAsGbGwAeQ5XeRQTU8y615C	0	http://localhost:8080/uploads/b25041de-a3e8-4c19-ba66-9a3929748ceb.jpg	2025-11-26 18:42:07.990127	2025-12-09 12:34:49.24082	image/jpeg
29	ana clara	ana@gmail.com	$2a$10$AzN5JxYsjbTbiV2u/N8XCul6Nrhw7m/U0prZUuVBQXpUEwi45b7Am	0	http://localhost:8080/uploads/1a9d5e0c-ccf0-4741-bff2-215392a87ca1.png	2025-12-09 20:40:22.780668	2025-12-09 20:40:22.780668	image/png
19	Einstein	a@a.com	$2a$10$YrApnT39sEvR3lSbZ/6dTecmP7NDf4e6TEz06p8Luf9ENc13Z7G4W	1	http://localhost:8080/uploads/7673f846-0deb-4d18-9841-4549c4e5515f.jpg	2025-11-23 18:26:01.867304	2025-12-10 12:54:42.621964	image/jpeg
\.


--
-- TOC entry 4929 (class 0 OID 0)
-- Dependencies: 219
-- Name: item_id_seq; Type: SEQUENCE SET; Schema: public; Owner: postgres
--

SELECT pg_catalog.setval('public.item_id_seq', 42, true);


--
-- TOC entry 4930 (class 0 OID 0)
-- Dependencies: 221
-- Name: item_requests_id_seq; Type: SEQUENCE SET; Schema: public; Owner: postgres
--

SELECT pg_catalog.setval('public.item_requests_id_seq', 25, true);


--
-- TOC entry 4931 (class 0 OID 0)
-- Dependencies: 217
-- Name: usuario_id_seq; Type: SEQUENCE SET; Schema: public; Owner: postgres
--

SELECT pg_catalog.setval('public.usuario_id_seq', 29, true);


--
-- TOC entry 4765 (class 2606 OID 17211)
-- Name: item item_pkey; Type: CONSTRAINT; Schema: public; Owner: postgres
--

ALTER TABLE ONLY public.item
    ADD CONSTRAINT item_pkey PRIMARY KEY (id);


--
-- TOC entry 4767 (class 2606 OID 25979)
-- Name: item_requests item_requests_pkey; Type: CONSTRAINT; Schema: public; Owner: postgres
--

ALTER TABLE ONLY public.item_requests
    ADD CONSTRAINT item_requests_pkey PRIMARY KEY (id);


--
-- TOC entry 4761 (class 2606 OID 17245)
-- Name: usuario usuario_email_key; Type: CONSTRAINT; Schema: public; Owner: postgres
--

ALTER TABLE ONLY public.usuario
    ADD CONSTRAINT usuario_email_key UNIQUE (email);


--
-- TOC entry 4763 (class 2606 OID 17231)
-- Name: usuario usuario_pkey; Type: CONSTRAINT; Schema: public; Owner: postgres
--

ALTER TABLE ONLY public.usuario
    ADD CONSTRAINT usuario_pkey PRIMARY KEY (id);


--
-- TOC entry 4769 (class 2606 OID 25993)
-- Name: item_requests fk7wrvifwk1wu0ewfqgye34pd7r; Type: FK CONSTRAINT; Schema: public; Owner: postgres
--

ALTER TABLE ONLY public.item_requests
    ADD CONSTRAINT fk7wrvifwk1wu0ewfqgye34pd7r FOREIGN KEY (item_id) REFERENCES public.item(id);


--
-- TOC entry 4770 (class 2606 OID 25988)
-- Name: item_requests fkerq9h5ifjwp7bmal0erghasky; Type: FK CONSTRAINT; Schema: public; Owner: postgres
--

ALTER TABLE ONLY public.item_requests
    ADD CONSTRAINT fkerq9h5ifjwp7bmal0erghasky FOREIGN KEY (requester_id) REFERENCES public.usuario(id);


--
-- TOC entry 4768 (class 2606 OID 17232)
-- Name: item usuario_id; Type: FK CONSTRAINT; Schema: public; Owner: postgres
--

ALTER TABLE ONLY public.item
    ADD CONSTRAINT usuario_id FOREIGN KEY (usuario_id) REFERENCES public.usuario(id);


-- Completed on 2025-12-10 21:23:09

--
-- PostgreSQL database dump complete
--

